Label,Prediction
7.0,6.861294726961406
6.5,6.418854383439359
7.0,6.93887325268176
6.6,6.935109211800383
7.0,6.83182045805428
6.6,6.963239657854223
6.6,6.963239657854223
6.6,6.963239657854223
7.0,6.650369396136058
7.1,6.752053263237782
7.1,6.934324212613882
7.0,6.861294726961406
6.6,6.85753068608003
7.1,6.96297859406313
7.0,6.861294726961406
6.6,6.85753068608003
7.1,6.96297859406313
7.1,6.96297859406313
7.1,6.96297859406313
7.0,6.861294726961406
6.3,6.505650759868634
7.6,7.3655725322392644
8.1,7.655248107289732
6.2,6.633107074415924
7.3,7.353835877818434
7.3,7.3403906928464915
7.3,7.3800396928000795
7.3,7.3879059009397805
7.3,7.372537568871256
7.8,7.770760591771556
7.6,7.576737641671861
6.3,6.4095182941143385
4.3,4.484427231085091
4.3,4.462870369317474
4.3,4.477771432827977
4.3,4.460551045987673
4.3,4.473960010807912
4.3,4.505488421756024
4.3,4.477654309341371
4.3,4.477654309341371
4.3,4.477654309341371
4.3,4.4759413755457835
6.3,6.337926280195459
6.3,6.338090563562878
6.7,6.366697012895167
6.7,7.050530619135978
7.2,6.410381635823022
7.2,6.931520843783921
6.6,6.43914441488091
7.7,6.9700457195341485
4.3,5.107939070227934
7.7,5.919122024346937
8.1,6.344068886569055
4.3,4.8075003415775726
4.3,4.8271138854925635
8.1,7.507989812507213
8.1,8.06503553841862
7.7,7.615567341122789
8.1,8.06503553841862
7.7,6.6966912196357224
8.1,7.1216380818578395
8.1,8.06503553841862
8.1,7.1216380818578395
7.8,7.206097609008213
7.5,7.081515687271357
6.3,6.4804986619802625
7.6,7.340420434350893
8.1,7.63009600940136
7.3,7.328403891185354
7.3,7.305033299770641
7.3,7.426432507571043
7.3,7.328683779930063
7.3,7.352206963992433
7.3,7.340816893891308
7.3,7.360128302347326
5.8,5.633947796416788
5.9,5.437009116058929
6.6,6.206137237277945
5.8,5.7429849708226
5.8,5.796899438293675
5.1,5.5251458056484966
5.9,6.345237996901783
4.3,4.230596453243701
4.3,4.275533829012052
4.3,4.212384203548773
5.8,5.837118908329374
5.6,5.591809043510504
5.8,5.983934801382869
5.9,5.969856195344497
8.0,7.597807001732944
7.0,7.614884580138408
8.0,7.203471703740726
8.0,7.607336373081023
7.5,7.506397686315596
7.5,7.033924316129828
8.0,7.391344850183875
8.0,7.391344850183875
7.3,6.1587888436894715
6.7,6.742122657482029
6.7,6.589498275509058
7.1,6.910905883202601
6.6,6.848657754689132
6.7,6.675189084763709
7.7,7.35044168693853
6.7,6.6881233761131025
7.6,7.854840324907292
6.7,6.6349413999524245
6.1,6.590811704133287
6.7,6.6349413999524245
5.8,5.741762268582544
4.7,4.807343057766666
5.8,5.825480324686555
7.3,7.318103665905044
7.3,7.218853834009296
7.3,7.266925735763457
7.3,7.220867940847421
7.3,7.218853834009296
7.3,7.2890846511028435
7.3,7.267141875480783
7.3,7.2640191969087455
7.3,7.257370979533613
7.5,7.493102454989299
7.5,7.387041963778643
7.1,7.046102067048089
7.8,7.651266520638939
7.0,7.370027672177813
7.8,7.341590185314563
7.8,7.587408647931577
7.0,7.123418095884104
7.8,7.680406382920361
7.8,7.677935209185975
7.8,7.751968261892316
7.0,6.8526585667789135
7.8,8.070371010315474
7.8,7.727917153778592
7.8,7.6245417189546325
7.8,7.669569386498215
7.0,7.422385071793567
7.8,7.34368748024181
7.8,7.589505942858825
7.2,7.052782980837472
7.8,7.666598515763161
7.8,7.874695831854865
7.8,7.681058760420408
7.8,7.7540655568195636
7.3,7.242483966427319
7.3,7.248833925081022
7.3,7.240740734855265
6.6,6.70511694154826
7.3,7.265849475208876
7.3,7.242817874862423
7.3,7.30133488625774
7.3,7.314137516680364
7.3,7.324684355739339
5.7,5.821039402202979
7.3,7.327805380994441
7.3,7.07164028435394
7.3,7.405284548394225
7.3,7.4160777254044286
7.3,7.490519408700364
7.9,7.690970368753565
7.3,7.422615479792779
7.3,7.424215203476647
7.3,7.420886200166727
7.3,7.42684070418073
7.9,7.682467233809751
6.3,7.206687368762754
7.0,7.688478549846623
6.3,7.49101973116839
6.9,7.042345572235456
6.7,6.8126722699678375
6.3,6.9702710789992475
7.3,7.221109826988379
7.7,7.229175861444059
7.6,7.050704017573044
7.4,7.165945164194207
7.3,7.28151459621996
7.3,7.219545367834879
6.4,6.733957031164588
7.3,7.209990611605035
7.3,7.205215645557527
7.3,7.214940014542655
6.5,6.562157192502134
6.8,7.36125235098795
7.2,7.398780169136144
6.7,7.017554915944376
6.9,7.410498168094578
8.0,7.234041715334821
7.8,7.63129834338344
7.7,7.099751765595306
7.8,7.705886277882677
7.8,7.560868034884171
7.8,7.692497012683397
7.8,7.312409580279551
7.8,7.415306820486293
7.3,7.282523707734642
7.3,7.293315005978136
7.3,7.160242275492441
7.3,7.2205526005828515
7.3,7.1832738758388945
7.3,7.3057874608889914
7.3,7.253504692932442
7.3,7.220171847209255
7.3,7.225109245541461
7.3,7.217016055315704
7.3,7.226740424300832
7.8,7.245874436135313
6.1,6.194020971243504
7.3,7.3291337517161494
7.3,7.196061021230454
7.3,7.219092621576907
7.3,7.243857478986023
7.3,7.23041229401408
7.3,7.257609767101225
7.3,7.271972998093366
6.2,6.777162234824425
6.4,5.539541685969616
4.7,4.706462713295956
4.7,4.757437238948233
4.7,4.7506371754353225
4.7,4.746494217911636
4.7,4.7464014144851685
5.8,5.67017209276038
5.8,5.72251293058402
5.1,5.5577359523529815
4.3,4.168748755398546
4.3,4.1345721658569765
4.3,4.1457442468749885
4.3,4.130722724689106
4.3,4.188362299313539
4.3,4.1345721658569765
4.3,4.125212673850259
5.1,5.331835645448012
5.1,5.637758093930367
4.3,4.271242870411836
4.3,4.23776112873276
4.3,4.241870888323893
5.9,5.920486835553621
5.3,6.129943245324487
5.7,5.756424694663589
5.7,5.849087303951908
5.3,6.394619275179235
5.7,5.755913896665279
5.7,6.193855981419089
5.8,6.037965851876038
5.8,6.037965851876038
7.3,7.1632226143195386
7.3,7.2001205856899
5.5,6.514216413906614
6.5,6.538273352785066
7.9,7.4830533695869415
6.7,6.7848299921469994
8.8,8.713702677308483
8.9,8.810040922928351
7.9,7.6462257686638955
7.9,7.543956683846057
8.7,8.591964743290486
7.3,7.277576977224402
7.3,7.32086696092974
7.3,7.3133394957332305
6.8,6.876526188076513
7.3,7.247895127508617
7.3,7.2475143741350205
5.8,5.615374792650911
6.6,6.187564233512068
5.1,5.343621160005732
5.6,5.479102102237853
5.6,5.783171006480109
5.6,5.844019373933899
6.3,6.757836877050887
6.2,6.366707025663461
6.2,5.951327515475748
6.3,6.401687826067491
6.3,6.296253853975089
6.3,6.305201871284337
7.4,7.028961178258997
6.9,6.75562111223218
6.2,7.08504754935876
5.8,6.98081385827852
7.4,6.7760332930503875
7.7,7.966993399153093
8.0,8.037016801617304
7.7,7.622109411895188
7.7,7.584300565922031
7.7,7.584300565922031
7.7,7.584300565922031
5.9,6.474536437465695
6.6,6.246347278047517
5.9,6.7184615906242815
6.5,6.669199052013274
6.6,6.126874944758673
5.9,6.725901105669805
4.2,4.6282899335755046
4.7,4.640731817192425
4.2,4.437599877389019
7.3,7.341362437049293
7.8,6.725416260406732
7.1,6.173303591764584
6.5,6.650496271373383
7.3,7.276954184627157
7.3,7.28816266764401
7.3,7.275210953055103
7.3,7.329204637546528
7.3,7.352468390700877
6.2,6.19114957569626
7.3,7.278242847122268
7.3,7.266852777021142
7.3,7.28616418547716
7.3,7.26369698512759
8.0,7.128286076814927
6.4,7.4526588699254965
7.3,7.431232098487312
5.6,6.170709678710951
6.2,5.724504332137857
5.4,6.0502175216805085
8.1,8.059376711874885
6.7,6.999251529828167
8.1,7.786022211976458
8.1,7.603974202342769
7.7,7.2783785653958475
4.7,4.5342584374084165
4.7,4.5731183618760225
4.7,4.567297696615635
4.7,4.574289942024096
4.2,4.646918307014612
7.3,7.2183041806578725
7.3,7.2433498878424505
7.3,7.287977963804724
7.3,7.2865011439037755
7.3,7.278233752374687
7.3,7.279852926528644
7.3,7.288417971950328
7.3,7.284802329466264
7.3,7.245022909126776
7.3,7.243908531877081
7.3,7.280806503247443
7.3,7.290990722823083
7.3,7.29678890839354
7.3,7.302743412407544
7.3,7.239168427755999
7.3,7.287240329510159
7.3,7.2636533964204055
7.3,7.241182534594123
7.3,7.239168427755999
7.3,7.287456469227486
7.3,7.2776855732803165
7.3,7.286250618702001
7.3,7.2729106072328085
7.3,7.292048804272458
7.3,7.346662715184819
7.3,7.224381282942619
7.3,7.295484785043232
7.3,7.249426990127196
7.3,7.369926468339169
7.3,7.258732555726245
7.3,7.294055066089469
7.3,7.294495074235074
7.3,7.303622263115452
7.3,7.300293259805531
6.0,5.915815338677363
5.6,5.995925914780445
5.4,5.284349748857524
6.6,5.937954576997287
5.5,5.148702824940409
6.6,6.413969053629466
5.7,6.706035372868192
7.6,6.723244706609674
6.8,6.528756037942204
6.1,6.211367907825308
6.8,6.476260662476268
6.1,6.101886867527407
6.1,6.101886867527407
7.3,7.2240270683917585
7.3,7.271543637402619
7.3,7.369572253788308
7.3,7.282544079787074
7.3,7.2953467102096985
7.3,7.293700851538609
7.3,7.2922240316376605
7.3,7.294140859684213
7.3,7.3032680485645916
7.3,7.29993904525467
7.3,7.3464391641348925
7.3,7.247189332239145
7.3,7.282674743288008
7.3,7.298158004629906
7.3,7.3549462321637
7.3,7.365737530407194
7.3,7.303768302022113
7.3,7.3782099853180485
7.3,7.291181811316815
7.3,7.310306056410464
7.3,7.294213545792269
7.3,7.289438579744762
7.3,7.308576776784411
3.4,4.98838407994807
5.5,6.282242330621412
6.0,6.135681369352999
5.6,5.407545796089069
5.9,4.688168058451421
6.4,5.947869848954287
6.4,5.947869848954287
4.7,4.913877807740553
4.7,4.7260749030667135
6.4,6.042494752660227
6.5,5.674526064897134
8.1,8.064338632854708
7.2,7.574962250246383
8.4,7.631401927962499
8.4,7.631401927962499
5.7,5.589740836699296
4.5,5.704227517087361
6.2,5.666710954368294
5.8,5.963228822309734
5.8,5.963228822309734
6.6,6.195752442736985
6.3,6.294449820436261
6.3,6.294449820436261
7.8,7.577077519240819
7.8,7.736057885463798
7.8,7.554516805929662
7.8,7.671925877343839
8.1,8.405501171636486
8.1,8.222301176937075
7.4,7.699360185383343
5.0,4.5061678176914866
5.1,5.751077032688531
5.5,5.869740450135096
5.5,5.96724060620339
5.5,5.632533262918338
5.0,4.179554182952378
5.0,4.07723162448675
5.4,5.453393236304456
5.4,4.9413305877044635
5.4,5.060382360056893
3.8,5.7671528683110855
7.4,6.566185413111227
6.7,7.228188862780081
5.7,6.914870506868064
7.4,7.061628291007038
6.0,6.185871438309556
7.9,7.0646209677451175
6.2,6.818612578504674
6.0,6.4930741361183
4.7,4.834546354026088
4.7,4.842612788439473
4.7,4.830498187254802
4.7,4.834669449608057
4.7,4.831669767402875
6.1,6.180548525720981
7.8,7.658150972593027
7.8,7.6834720261335825
7.8,7.764369320567025
7.8,7.7618785667268995
7.1,6.624156136017032
6.6,7.495095970056349
6.4,6.494952413682799
7.1,7.196393628891541
6.7,6.706614846271822
6.9,6.383868706807749
6.3,6.702947038763561
7.3,7.647452837285363
6.9,6.383868706807749
4.7,4.999911364956739
4.7,4.824754623227187
4.7,4.819062987224035
4.7,4.817954559714276
6.1,5.821470252273501
7.9,7.27048340141895
7.2,6.950935442454088
7.2,7.344696675828766
7.9,7.3367932380942005
7.2,7.312137111506573
7.2,7.021557730519301
6.5,6.2534289400064225
7.2,6.887009988318987
6.3,5.341451917304956
5.2,5.656968733034343
6.9,6.229510957505182
6.9,6.518613648614535
6.1,7.2184240680496945
7.3,7.50446917263273
7.3,7.22394099506953
7.8,7.518036294846215
7.6,7.329212956118216
7.6,7.612903315213477
6.2,5.451078698177884
4.3,5.465765997038107
7.2,6.674905855441672
6.9,6.732580500252796
7.2,6.892250045095927
7.2,6.745528143506886
7.2,6.610980401306571
6.5,6.94619725025313
6.2,6.425246820574371
6.8,6.552894666531098
6.8,6.7204686377441885
6.8,6.797155726642941
6.8,6.805672978829879
6.8,6.805672978829879
6.8,6.805672978829879
7.2,6.876062881626853
7.1,6.73129774354387
7.2,7.349668676874344
5.9,5.847807725490501
6.0,6.933358861323804
6.0,6.596875767997386
6.0,6.596875767997386
5.1,5.9021841088862
7.6,7.7041977702419695
7.6,6.947688330628942
7.6,7.219457662757387
3.5,5.291700547883926
3.5,5.74349765134825
6.8,6.815032541931514
6.8,6.729828200845824
6.8,6.734798544524267
6.8,6.815032541931514
6.8,6.815032541931514
6.8,6.815032541931514
6.3,7.4644368819608315
7.9,8.295495314622467
5.8,6.200231814807966
7.1,6.435991192274491
7.9,8.024308819692623
8.1,7.752597894378391
7.3,6.921928270354802
6.3,6.623624498927934
6.3,6.586538406335316
5.7,6.317496287987762
6.7,6.631688413677422
7.5,7.4195968134644
4.7,4.681388947966482
4.7,4.720248872434088
4.7,4.726671837615608
4.7,4.720334073359488
4.7,4.721420452582161
5.8,6.195991765372709
4.7,4.904773363724277
4.7,4.717587221735453
5.8,5.913524782740463
6.0,5.613684504952914
5.8,5.5404424230533245
6.5,6.80126995220131
6.4,6.877736081078937
5.5,6.991852571378571
7.1,6.835785480711257
5.5,6.4674021466648925
5.9,6.113314574845842
5.7,6.255597637099536
4.3,4.327519002727264
4.3,4.313884181045054
6.0,5.988963525322425
5.3,5.83279503921528
6.4,6.2985392117096906
6.9,7.24206184960796
6.0,6.173566463984864
6.5,6.002485188070494
6.3,5.25170758976325
6.0,6.040076272229559
6.3,6.33756539196852
6.8,5.929820407364227
6.8,6.233282242573027
8.1,8.25675919598456
8.1,7.8753262158523265
8.5,8.144477362618955
8.5,8.216688411479172
3.6,6.729810578828593
7.3,6.831928281822821
7.5,7.005429010815432
7.5,7.005429010815432
7.3,6.9563125388450056
7.6,7.098261348660787
6.8,6.990207828347535
7.3,6.9563125388450056
3.6,6.854194835850777
8.1,8.276250911407104
8.1,8.338714952094225
8.2,8.290944785828964
8.1,8.202530776171667
8.3,8.48366939851705
8.1,8.319431664750258
8.1,7.957281971961991
8.1,8.111625970745855
8.2,8.124009116505684
9.0,8.277254855096663
8.4,8.575275130138166
8.5,8.921425650265263
8.6,8.6352205838096
8.5,8.909154164659823
7.2,8.746530438348803
6.2,6.2613818359846825
6.1,6.29269302420877
4.7,4.925667419086121
4.7,4.742444242943184
4.7,4.744819041353416
4.7,4.739361908640175
7.1,6.686195239570065
4.3,4.634264738141375
4.3,4.332378362735072
4.3,4.353439553406004
4.3,4.3238925071957635
5.6,5.649203042761422
4.4,5.907334892983941
6.5,6.007634887576392
6.0,6.044471922569587
6.2,5.100580378223376
7.5,7.762533879811063
7.4,7.480991760039861
7.4,6.831067707365395
7.2,6.459109968534906
4.7,4.901751759110171
4.7,4.766124952219534
4.7,4.698625021605894
6.9,7.616213187453375
7.2,6.7800246128275194
7.0,6.864702737066909
7.0,6.691792151702817
7.0,6.691792151702817
6.9,7.591728218788968
5.7,6.235782717864207
6.7,7.484990534810008
6.7,7.484990534810008
7.7,7.05506111037236
6.3,6.265972984136622
8.2,8.593959157176172
7.7,8.639812112879625
8.4,7.737564957615366
8.2,7.619671619914207
8.4,7.274478493756292
7.8,7.749969116179312
6.1,6.047158448355255
5.1,5.148353073195369
4.5,6.116087091772226
6.3,6.25924684275444
6.3,6.2498855476112745
5.8,5.8803116158758595
5.8,5.9326524536994985
5.8,5.943486449693288
5.9,5.816927908152089
5.9,5.816927908152089
6.3,5.641254966418354
4.3,4.317649771268796
4.3,4.279623740559355
4.3,4.292325939415437
4.3,4.3077162689735475
6.4,6.166649968879885
7.3,7.563321085210441
5.8,5.648624775671943
7.3,7.563321085210441
5.8,5.648624775671943
7.3,7.563321085210441
6.3,6.559903393505282
6.3,6.596302549770394
8.0,7.5135329105932644
6.3,6.546482873901654
6.3,6.47197282916091
6.3,6.474890859982775
6.3,6.475055143350195
7.5,7.31738215473596
7.6,7.052988963550103
7.6,7.052988963550103
7.0,6.536289887267388
5.9,4.2848005065779535
4.4,4.809211621713413
4.4,4.553320123883714
5.7,5.472036230412517
7.3,6.9777252864625865
7.3,6.914262790343766
7.3,7.482668211165252
6.2,6.068933596832825
5.6,6.102887961248537
7.1,6.142427131056149
6.3,5.889154462251653
7.1,6.687726426568383
4.7,4.909680589073982
4.7,4.774053782183345
4.7,4.706553851569705
4.7,4.73452384734443
4.7,4.722409246159758
4.7,4.723488022881366
5.9,6.408301017157757
5.9,5.793426376010184
8.0,7.232871959784588
5.6,6.5726850809635575
5.9,6.7164210905103445
7.6,7.5034492295172655
5.5,5.924036340066344
5.6,5.1350378692400955
5.3,4.404390830257886
4.7,4.757913312732014
4.7,4.704323687986754
4.7,4.718383377893099
4.7,4.712691741889947
4.7,4.710440039061683
4.7,4.7052466357208225
4.7,4.707234609176706
4.7,4.705737214948812
4.7,4.711104696213379
5.6,5.551953306105163
5.5,6.03148187460586
6.4,5.881745767786117
4.7,4.711000754130613
4.7,4.708749051302349
4.7,4.684553264463149
4.7,4.6615487345855975
4.7,4.699877097293587
4.3,4.633628446195815
4.3,4.311451450850189
5.5,5.261468990655162
5.5,4.682379792382958
4.7,4.906026749131828
4.7,4.770399942241191
4.7,4.725178371399124
4.7,4.71880102362192
4.7,4.719926986365678
5.9,5.484904003004073
5.5,5.374035604372925
6.7,6.955627661055535
6.1,5.631366298612163
6.7,6.706201230662956
5.5,5.110029846784581
7.4,6.861502594142313
6.7,6.706201230662956
5.3,6.110567135050318
4.3,4.286750600277754
4.3,4.278592690452038
4.3,4.282702450043171
4.3,4.2896287912253435
7.1,7.4763268883902185
7.1,7.401083346404305
7.1,7.210578312251303
7.1,7.184265902958211
4.7,4.701976769575561
4.7,4.710344823478755
4.7,4.705000635018842
4.7,4.663247077475452
4.7,4.706278264296313
6.9,6.32746104495219
6.9,6.393737356290917
6.1,6.388728869997992
6.1,5.237578907989338
4.7,4.683056043064173
4.7,4.660051513186621
4.7,4.696966348932554
4.7,4.697889296666622
4.7,4.700083017802301
4.7,4.757626376461986
4.7,4.700161175178013
4.7,4.706947672906678
4.7,4.705450278678784
4.7,4.715798841918183
4.7,4.707855503086767
4.7,4.703729858137827
4.7,4.702662099745907
4.7,4.704763017455119
4.7,4.660074684843293
4.7,4.6969895205892245
4.7,4.702982776082184
4.7,4.704249146982659
4.7,4.6990198102362974
4.7,4.698403047551282
4.7,4.700013386032506
7.6,7.150389748864889
7.6,7.207386582214572
7.1,7.1643072857461565
7.6,7.451177161027696
4.7,4.702303813028781
6.0,6.634789159340676
6.2,6.4761465884138305
6.0,6.5316146730812354
6.0,6.5316146730812354
7.3,6.8150223553113225
4.3,4.305067328694633
4.3,4.316075600099451
4.7,4.703846175063475
4.7,4.70801743741673
4.7,4.703931375988875
4.3,4.288988173524437
4.3,4.280830263698721
4.3,4.302397138344677
4.7,4.687172702367118
4.7,4.701083008235498
4.8,5.577775410281105
5.5,6.149862060196474
6.3,4.791966539235666
6.3,5.672785398359026
4.7,4.757365363944772
4.7,4.709768994692472
4.7,4.709403362945966
4.7,4.7121437931027055
4.7,4.699900162660799
4.7,4.7057664453255015
4.7,4.704698686933581
7.7,6.742816791461745
8.0,7.41951762125718
6.7,7.019555935658372
7.0,6.893333414866046
7.2,7.0960413032278575
5.3,6.2093510405691
6.6,6.412700581224666
6.9,7.149833734789536
7.0,6.091751792254408
5.6,5.9157891486326974
5.6,5.645552041234426
5.6,5.578971805141311
5.6,5.98856372639248
7.8,7.336392478416429
7.6,8.042733625307651
7.3,8.07512619279679
7.9,6.92397517263934
7.9,7.06783265203757
6.2,5.969873187166597
7.0,6.276146277247166
6.3,6.215102802139584
6.3,6.8885583192038755
6.2,6.250234772572752
5.7,5.72800414167849
6.3,5.768483649970067
3.6,4.723144765765082
5.1,5.087900700173806
5.1,5.345551577148361
5.1,5.345551577148361
6.5,6.960055897261222
6.2,6.682134168640744
6.9,7.0446234445066604
7.2,7.148919209259961
7.2,7.099977612978142
6.9,7.032934715845262
7.5,7.469781025967789
7.1,6.827212725759759
7.2,7.232797777210839
8.2,7.825242764159388
7.5,7.264968425032647
7.6,8.090738644381968
7.6,6.490438244109588
7.0,5.950623175958475
6.3,6.343450669055438
6.3,6.34184845906803
6.3,6.348287777150709
6.3,6.35079647637728
8.4,7.6279259975632
7.6,7.433385505165709
8.1,8.46600477556135
8.2,8.160125862404238
8.1,8.355842377251506
8.1,8.247219112928597
8.6,8.218722738398476
6.3,6.843708144548653
7.2,6.358285258830725
6.3,6.379697477541095
6.7,6.73658696398471
2.3,2.5938637197538106
3.1,2.9198755630701196
2.0,3.711544104494315
6.1,6.524598872110001
6.3,6.435070637323616
7.4,6.985444371921892
6.1,7.039697545573779
7.9,6.754612577824508
7.9,7.702273259794144
6.9,6.87510710002887
6.7,6.82874934426434
6.9,7.036113372152894
7.7,8.512038803679392
7.6,7.6031563443661
7.1,7.3837163424709775
4.8,5.52091614629644
4.8,5.861457310630922
6.4,6.717927277260603
5.8,6.455793845700124
5.8,6.79793982996377
7.0,6.401042692344438
7.0,6.822580633762728
6.5,6.203392789544046
7.5,6.975644448573465
6.9,7.008722276127437
6.3,6.268175009640208
7.1,7.009268724396836
5.1,5.685955470633693
5.4,5.441514164809355
5.4,5.430371266938631
5.4,5.430371266938631
5.4,5.430371266938631
5.4,5.450031416996293
6.6,6.752672520911245
6.6,6.501631645498343
5.8,6.5740678327502335
5.8,6.5740678327502335
6.8,6.969792620348824
7.8,7.552633974535116
5.4,5.382608926226508
5.4,5.656718205209863
5.4,5.45818058877384
5.4,5.455589438786962
5.4,5.462842923633756
6.6,7.2170651338329534
7.4,7.036969018420033
7.6,7.295210909565677
7.0,6.467554990548635
6.8,6.925758548352966
6.3,6.105052796118414
6.8,6.95689921127663
6.3,6.380943718389514
6.3,6.28768672955338
6.3,6.309515987838055
4.4,4.9137886388500025
6.5,6.324946547462623
4.4,4.5434795797419465
4.4,4.5434795797419465
6.5,6.563291374187097
6.5,5.54550390743819
6.3,5.7233722720983495
6.3,6.381117900110059
6.3,6.290367174663278
6.3,6.309690169558599
6.5,5.869580483498823
7.3,7.220363572304601
5.0,5.089197462360081
6.9,6.986132351026281
6.4,6.495413247893963
7.1,6.866658233471449
8.1,7.366088610953863
6.2,6.426947509090443
6.5,6.4902023895090855
5.8,6.004179043186638
5.8,5.957573924469486
5.9,5.676838084503126
5.8,5.909228678355722
5.8,5.912944415345276
5.8,5.923778411339065
5.9,5.9450369006116315
5.9,5.797219869797866
5.9,5.797219869797866
7.3,7.266296623532433
6.8,6.5644671426233305
6.6,6.544676965315818
7.4,6.637701185245795
5.8,6.157332974148634
7.1,6.51746622192176
6.1,6.349938984611728
6.1,5.931886842814531
6.0,5.993183019502136
7.6,7.5034492295172655
7.6,7.894480007769962
6.9,6.320187283268893
6.2,6.675021407827728
6.1,6.369125915577572
6.6,6.239154044975875
6.6,6.239154044975875
6.2,6.574790055409481
7.6,7.368670501979053
6.6,6.714193529192451
7.4,7.162408249059137
6.3,6.380454909568435
6.3,6.280682371923901
7.6,7.558128501479874
7.6,7.558128501479874
8.3,8.293818436559134
8.3,8.293818436559134
5.8,5.688594076835615
5.8,5.365001373756399
5.7,6.161792153197973
6.3,6.38993513054982
6.3,6.284501158457418
6.3,6.283257622110059
6.3,6.2767420733016595
6.3,6.285307874683494
6.3,6.246118607212134
6.3,6.280660020881223
6.9,6.830047475781489
6.7,5.584972120071987
6.7,6.022590632829121
6.7,5.815582162949609
6.5,7.009192748335316
6.7,5.702555258196411
6.9,6.353809146755827
6.6,7.220590766145689
5.9,6.660496573562762
6.7,6.715162274997142
6.3,6.349648796295937
6.3,7.057186829196985
7.2,6.434688705026042
6.0,6.765235878183788
6.0,6.765235878183788
7.8,7.750739358610494
7.8,7.399214128342981
7.8,7.602874283411634
7.7,7.475310888446853
7.5,7.210341692221046
7.2,7.073213572957715
8.2,4.371602443548307
4.7,5.472234044035853
5.4,5.519375315728675
5.4,5.53395036633759
5.4,5.53395036633759
6.1,6.27541325254634
6.8,6.464652458977369
6.2,6.450246979721061
6.2,6.304109686358089
5.5,5.551064372602712
6.5,5.905479643612816
6.3,5.81119895506981
6.6,6.632262753832383
6.6,6.632262753832383
6.6,6.1911821085775856
6.2,7.872749485200076
6.6,6.955386245573159
7.3,6.827027702128248
6.6,6.8204567764480695
7.8,7.428811929887267
8.0,7.180861857709767
7.8,7.717914620996619
8.0,7.46996454881912
6.9,7.537983895635619
8.0,7.402192104125939
7.8,8.088684312230612
6.8,7.3343860962752725
7.0,6.959740914137927
5.1,5.839282032270759
7.0,6.321607930610258
7.3,8.3351047074207
6.5,7.314534536703032
7.3,7.391126409887146
7.8,6.79605152123926
6.5,6.3705562391694786
6.9,6.544012410739781
6.9,6.70349519567216
6.3,6.177339780049188
7.3,6.5632141254824505
7.3,6.62500487411847
6.9,6.812169556199911
6.7,6.29050113040366
5.2,5.697125949824626
6.9,6.743320434610266
6.0,6.0607313301473775
6.0,6.008710124170561
6.7,6.2618000268931775
5.1,5.919031361641967
5.1,5.924342324360298
7.7,7.685180275170393
7.7,6.907384190738511
5.9,6.311185238765
2.9,3.6871337695693818
7.5,6.972948508603439
6.5,6.053797835234003
7.2,7.000611195511562
7.3,7.7241470022458865
7.5,7.391432738831397
7.9,8.41856858636813
7.3,7.568184611712115
7.5,7.342186124496559
4.3,5.024806488535781
4.3,4.948022329896529
7.4,7.607680848479551
8.0,8.03230644517264
8.0,7.732099021133068
8.0,7.970731336867054
8.0,7.970731336867054
6.7,6.76329697045243
6.1,6.59924179698991
6.2,6.276516341932733
6.5,6.696215284685154
7.5,7.698170041887456
7.1,7.644801887445922
7.4,7.365044166932424
7.0,7.233776583614244
7.0,7.122593106108058
7.0,7.122593106108058
8.1,7.69457138504264
6.7,7.12590551105123
7.5,7.166325483528431
5.5,7.779703689863637
6.0,5.940940524165013
6.1,5.983717743480043
6.5,6.739776691726559
6.1,5.998857227044792
6.0,6.322263522473265
6.3,6.094087826416503
5.8,5.244078291038772
5.2,5.985308773980943
5.2,5.985308773980943
7.3,6.653549544007618
7.3,6.380920707682417
5.3,5.78329002432376
6.4,6.286075479977664
5.4,5.939954069267278
7.5,7.309465720593025
7.2,6.5781278049370355
7.5,7.352689080866405
8.1,7.393086478463872
8.4,7.374220766387196
7.3,7.18835165539963
5.8,5.991088132625628
5.8,6.275555540619459
6.6,6.772090025862886
6.7,6.659852470141148
6.6,6.772090025862886
6.6,6.772090025862886
5.8,6.275555540619459
7.3,7.158370399369771
7.3,7.112706020664736
7.3,6.886305019340791
5.7,5.522098202781241
6.5,6.311082786786687
6.5,6.347298530027504
6.7,6.737748736426407
6.1,6.919001152268545
7.0,6.790359457050787
7.9,7.542216872517368
7.1,7.623222883549865
6.6,7.127391386291382
6.3,6.88959249316884
7.3,7.938080027070362
6.8,6.265798406361846
6.8,6.542114981721958
6.7,6.515947740493819
6.8,6.228427614259304
6.3,6.377557410945027
6.5,6.281835939829365
6.7,6.555962656466829
7.0,6.971433706362539
6.7,7.021775967612642
5.3,6.591722312717007
7.5,7.356811714749899
7.2,6.572558600546977
2.6,3.913412298011163
3.5,4.008672068295145
4.0,4.80447060866496
4.3,5.192167147088998
3.5,4.770936950824149
7.5,7.924918859032719
7.9,8.309008179780884
7.9,7.816451758442242
5.4,5.228718727956233
5.4,5.630240225256074
5.4,5.830518673797252
6.2,7.079629839749853
6.3,7.803911356718832
6.6,7.26167081445244
7.5,7.107593338106645
7.5,7.431784628289798
7.5,6.846361716905459
6.3,6.760236597683959
7.5,7.6976176975457244
6.1,6.474452580914155
5.9,6.700180555557293
6.5,6.233793667784513
5.9,6.388491993335646
8.1,6.550547880923633
6.6,6.423915463800443
7.8,7.148687594181409
4.3,6.41058125655832
7.0,7.2582971826817015
6.4,5.989470749507268
5.8,5.253907394394921
6.4,5.778360991975417
6.1,5.721028476405771
6.2,5.903307431396687
6.3,6.330732381764266
6.9,6.994367696249862
5.8,5.900846138196359
5.8,6.178709519620215
6.3,5.861311455181977
7.7,6.778568092893203
7.2,7.161961511039908
6.2,5.701696114673322
5.6,5.700061268724795
6.0,6.7289152154545695
6.8,7.666589597911271
7.8,7.11106585652777
6.4,6.973739247292858
7.8,6.935194822058191
8.0,7.6736597894693235
8.0,7.987605167106505
8.0,7.651772524991962
6.8,5.899330338530989
5.7,5.791911058584841
5.7,6.258459284309749
7.6,7.203984279386774
7.0,7.045249885781149
7.8,7.533897603748032
7.2,8.160068865756674
7.9,7.381040630906457
7.1,6.032309216017978
5.8,5.834398261877323
5.8,5.844947092018497
5.8,5.895629924855364
6.3,5.7859653471819605
6.7,6.5444062379310015
6.1,6.196720140358722
6.9,6.590855341275171
5.6,5.942103750071997
5.5,6.185539505675305
6.9,6.553417094181946
7.0,6.916162135755717
7.0,6.837774420239434
6.6,6.5510730061831515
6.6,6.581182397652875
6.6,6.581182397652875
6.6,6.581182397652875
5.9,6.010699644516847
6.3,6.5587314161505725
6.0,7.356666211292254
7.1,7.156206059130875
6.2,6.644270726418509
8.2,7.742871396020522
8.4,8.516106541412789
6.0,5.976890489529549
6.7,6.73320769953016
6.7,6.793432344618726
6.7,6.425055886644228
7.0,6.216889190463628
5.8,5.917413707486269
5.8,5.8943363661322765
6.3,6.247516271165948
6.3,5.784671788458873
4.7,6.213647898796043
6.7,7.109864079992723
6.0,6.1662116795024335
6.0,6.1511096160826915
6.1,5.682102869106002
6.1,5.682102869106002
6.2,6.039545663608839
6.5,5.923688496449895
5.8,6.437606401133387
6.3,6.5697279811904
6.7,6.8918293554294205
7.6,6.883739422925414
5.8,5.635943835390828
5.8,5.7984393027423256
6.3,6.655977438947001
7.2,7.204285964174621
6.4,6.820422897221597
6.4,7.153554830170169
7.7,7.383247806500272
6.5,6.117507970347178
7.5,6.879793033188046
6.2,5.460157784171847
5.2,5.990610305944643
5.8,5.794800572714342
5.8,5.938376038379344
5.8,5.834921524019043
7.2,6.579736357190899
7.6,7.1563940724209125
5.9,6.541289580712645
5.8,5.7123830012286
7.0,7.218745642250806
7.0,5.689613656947583
7.7,7.287191499601266
6.3,6.780693264878668
6.5,6.503872103714052
5.6,6.617806725714675
7.9,7.1316145088301095
7.4,6.204622998723736
4.5,5.483033150933055
5.4,4.940405429678219
5.4,5.042092381005265
4.5,4.619173266162712
5.8,4.1271329686364115
5.4,5.39279183701634
6.3,6.252410493613439
6.6,6.459942751679193
7.2,7.346277604145687
7.4,6.657375154265252
6.2,6.285485613937834
7.0,5.98502272118027
5.1,4.5040366416850635
5.7,6.528592507983076
5.7,5.703789444415432
5.7,6.528592507983076
7.5,7.332070998940186
7.2,7.188453876887889
2.7,2.809815914441419
3.3,2.668045950440723
3.4,2.6919255084441
4.7,5.05519464087855
6.4,5.7840981571072145
3.7,5.360966109790484
6.4,6.258039426706124
6.6,5.28623750815981
6.6,5.267341290829256
6.6,6.5433262670101415
6.6,6.5433262670101415
6.4,6.7571786913671
6.5,6.256472968908597
6.5,6.312341605504888
6.4,5.366636191299139
5.1,5.915527474941389
8.2,7.683299232300753
7.4,7.279005922254192
8.2,7.825720709889634
5.7,6.26501999018628
6.6,5.863469996456656
7.0,6.391038970381295
6.6,6.082929216322471
7.6,7.441633424729056
7.5,7.419826494229945
7.6,7.668443947496593
7.0,7.181823137148807
5.5,6.496568771637683
8.0,7.745452751440453
8.0,7.673791205745845
7.8,7.530106263408419
6.7,6.835166073947723
7.7,7.381799186258954
5.8,5.74743613260269
3.5,4.534575388866914
3.5,3.926571627298591
5.4,6.161643708952403
7.3,6.771764575726335
8.3,6.988741318459207
7.6,9.102678525104219
6.4,6.282509379389837
6.8,6.822146144060326
5.8,5.780497097046966
5.8,5.767244806203125
5.8,5.8056822651038225
6.7,7.198004856875472
2.3,2.7297346576376476
1.9,2.7691874739878855
3.4,2.85506138811308
4.2,5.072301714815129
6.8,6.409317683978387
6.8,6.970414330365441
5.6,5.16852748090175
7.0,6.962717503887328
5.9,6.123684251082927
4.7,5.225788857661842
7.4,7.533462258626127
7.7,7.703838773810176
7.7,7.719368997814705
6.3,6.472695289528642
6.7,6.635355892640022
7.8,7.5518285210095915
7.8,7.195596525197571
6.8,6.18797285137405
6.8,6.323061142665887
6.8,6.323061142665887
6.8,6.18797285137405
6.3,6.2853279086236356
6.1,5.798655003855132
6.3,6.289748377470929
6.5,7.284130856810302
6.5,6.859946693557216
6.7,6.591266324504054
6.7,6.591266324504054
6.7,6.591266324504054
6.5,6.1863618190006155
6.0,5.5481042002495125
6.0,5.97029498622877
6.5,5.9823753881859
5.6,5.580971673725891
4.9,6.730124992001604
4.9,5.903484291703159
3.3,3.4997350920471666
6.7,7.030272093954149
6.9,5.493258442696641
7.7,8.19793403709628
7.8,6.665540726104289
6.0,6.044544901547887
6.4,6.388926890362042
6.4,6.0499568566398505
6.0,6.044544901547887
6.0,6.044544901547887
6.7,6.729513589152443
6.7,6.698714722698817
6.7,6.698714722698817
5.4,6.17030604057622
6.7,6.761170957380948
7.1,6.965445295357531
8.2,8.188772122823568
7.8,7.768487840027312
7.4,7.46539291105179
5.1,4.590918501207064
5.3,5.120205891478028
4.2,4.303947200545236
4.2,4.060568950183098
4.2,4.060568950183098
5.8,4.407418935667035
6.3,5.705576284461736
6.1,6.257427948256407
6.6,6.831912702945347
5.5,5.936942432905715
6.3,6.036709368241632
4.2,4.493511288080326
5.8,7.299006538837952
8.3,8.030358216585013
5.8,5.782190340891946
5.8,5.879160687839796
4.2,4.451385129262741
4.2,4.66426410580073
4.2,4.260695073076255
7.0,7.042375057755167
7.0,7.034166429436766
7.0,7.034166429436766
7.0,7.034166429436766
6.4,6.348887553796205
6.0,6.580272099687001
5.5,5.617103066037796
5.0,5.27835671489333
5.0,5.27835671489333
6.2,5.771939424936186
5.9,5.915337074029507
5.8,5.635876205982752
5.8,5.758250722029549
5.9,5.252109403427271
6.9,5.655141874029135
6.4,6.104136736491068
5.1,6.111167341742383
7.4,7.851555040134614
7.4,7.439139336886844
7.2,6.737398075586822
8.1,7.769851396011646
8.1,7.234960087219686
8.1,7.719775064110354
8.1,7.81121421336673
6.3,6.436693364641525
4.1,4.484894374214024
4.2,4.127358009269583
5.8,5.326538946020933
3.7,5.920096627819879
7.7,7.058962183993807
6.4,6.7894342358701145
6.5,6.487118509216363
8.1,7.383722723859553
6.7,6.783025503048779
6.1,6.514677005608192
5.2,5.301357411109353
5.0,4.950727213976685
5.0,4.833911576959497
7.2,6.676293366104225
5.8,7.387497695878288
7.1,6.866693312372709
7.2,6.824586784854342
7.2,7.192053533104551
7.0,6.995572276037753
6.7,6.765758023616127
6.3,6.609394168133274
7.0,7.929210701467066
5.3,5.896693321299724
5.3,6.0862054119028555
5.6,5.633917451700289
5.3,5.080759601672737
5.3,5.080759601672737
7.6,7.7316807150346225
7.1,6.9277364866237034
7.2,7.140971724767896
7.1,6.882815907347774
6.7,7.041375476956425
6.7,7.041375476956425
5.3,5.605082249115126
5.3,5.0329638421375105
5.3,5.605082249115126
5.6,6.219766011860069
6.9,7.082082212706246
5.8,5.785508737533005
2.6,6.267645174378594
6.6,6.337731125437832
7.1,6.461841071158485
6.1,5.900521824242164
6.7,7.120977029069883
6.5,6.519023573114264
7.2,6.949063194731922
7.2,7.018324523073068
5.2,5.348842500929334
6.3,7.615851245221249
7.6,7.7073679102789425
7.6,7.323494489653211
7.6,7.599437429740631
6.2,6.220993937762548
6.2,6.355974254365331
6.2,6.230970152275224
6.5,6.518779509676171
6.5,5.886950485301751
6.5,6.3886702568488065
7.2,7.419707307720861
7.2,7.419707307720861
7.7,7.888809058925599
7.6,7.953439072133008
7.1,7.729297704861212
6.4,6.196699356990609
5.9,6.010153302938082
6.4,6.567904841881167
8.2,8.101165341610976
6.7,6.52335209128534
6.5,6.519023573114264
6.1,6.353046317520681
6.9,6.191790381062671
6.3,5.757251692151369
6.9,6.852313604397019
7.1,7.47217058077185
7.0,6.558272282387164
5.0,6.6167383994820055
6.2,6.203402128948863
6.1,7.042593559707831
6.6,7.055581051847573
7.1,7.221425222678323
6.4,6.309698867513126
4.8,5.45305596852461
6.5,5.491651534122127
5.7,5.766967834519992
5.9,5.9796259747857015
6.2,6.558256026779603
7.5,7.488429395843067
6.2,6.281661228167325
5.3,6.216433269205589
5.7,6.328807514540145
6.6,6.969887993014116
6.4,7.259878826277085
7.1,6.146452347668643
7.5,6.826425726294183
5.5,6.638003162427634
6.0,6.004591489633118
7.1,6.257537268583795
5.5,5.558068285658438
7.0,6.3989528524267785
7.6,7.375959879187789
7.0,6.577784294936763
6.0,6.651694724711647
7.7,7.231907769250785
7.0,6.546400234586873
7.0,7.476068365409798
7.0,7.407286255691497
5.5,5.647833704763849
6.7,7.162696647034523
6.2,6.6981005560266365
6.3,6.731957908203251
6.2,6.359804523607794
5.8,6.436450644229757
6.5,6.213127636268103
7.5,7.028541368234009
7.5,7.028541368234009
6.5,6.062244389245167
7.4,7.102793799759635
6.4,7.202259386565859
4.6,4.160028346388072
5.8,4.816678693272563
7.2,6.971324473611811
7.8,7.713042721856035
8.2,8.158463066069759
7.7,7.4922517522764345
7.8,7.713042721856035
6.5,7.110681365996759
6.5,7.110681365996759
6.6,6.681658930537979
7.3,7.5092473534927695
7.6,6.827661230534824
7.3,6.96982449072578
6.6,6.658681582255867
6.4,6.802535225989601
7.9,7.535241369123518
8.6,7.21535830026186
6.8,6.803712319321737
6.0,6.00201215764904
6.0,5.997232174916743
7.0,5.9818604240855
5.8,5.773983888397195
4.3,4.356575713718625
6.6,6.4475294324972054
7.3,7.195071935026814
6.3,6.48197450852327
6.3,6.5191704728657704
6.3,6.124727457628446
5.3,7.299463148958491
7.1,6.316671047843824
8.2,8.369138273981656
7.3,6.681710310555992
6.0,6.017975755524525
6.0,6.047228147416794
6.0,6.141687974023117
4.2,5.052518470924215
4.2,5.052518470924215
7.4,6.666382964865563
6.6,6.358101833070968
6.6,6.479658348791186
6.7,6.898661146352967
7.5,7.381165624754096
7.2,8.27629308693505
7.2,7.44849491487233
6.4,6.938489491094484
7.0,7.4993588648765375
6.1,6.656380279032086
7.0,6.647258479711087
6.9,6.954637583584051
4.9,5.520460412798418
6.8,6.8142382553015715
6.8,6.877297422275343
6.8,7.4091987743718
7.0,6.862380224533127
6.8,6.851901097958951
7.0,6.532047509546872
6.6,6.704117065463404
6.6,6.505776391103935
6.6,6.627332906824152
6.6,6.793850834774686
4.8,5.094151878784479
4.8,5.0065335339015915
4.8,4.99258140070545
4.3,5.749090027493841
5.7,5.666255592438332
4.2,5.035737037719393
4.2,4.038289992980074
6.1,6.8058080632821785
7.1,7.079073855909068
7.4,6.823876001624459
8.6,8.121840937596653
6.8,6.840622936944705
6.5,5.783251820760881
6.6,7.1105959869034105
5.5,6.656677909119423
7.4,7.395901598517453
7.4,7.395901598517453
6.7,5.772595075176769
5.4,5.256262964302486
4.8,5.464980598252174
7.3,7.71355773920938
7.3,7.71355773920938
4.8,4.870302471096308
6.7,6.9893817944971195
6.6,6.708463903800235
6.4,7.307454127275863
7.8,7.537946886686095
7.2,7.812426258724792
7.2,7.916154724462471
7.8,7.413084591371274
6.8,6.744805816756628
5.4,5.991060209200646
5.4,5.991060209200646
8.4,8.371259083098597
8.4,8.371259083098597
6.6,6.940230461504287
5.8,5.614788696658369
5.8,6.530194311226017
5.8,6.451977627275861
7.5,7.454681953852752
7.0,6.692097248418845
6.6,6.829714501763608
6.6,6.829714501763608
6.6,6.829714501763608
7.4,6.483940258447273
7.6,7.65738969652532
7.0,6.486508884366347
7.0,6.486508884366347
5.7,6.704018979055875
6.9,6.440286460629819
5.7,6.293737560467333
6.3,6.929362731115253
4.3,4.659410877776033
4.3,4.541584386674044
6.8,6.863027031301306
6.4,6.872820070667146
6.4,6.872820070667146
7.7,6.519741872577448
7.7,6.962918755744813
8.1,7.499807893851785
7.2,6.866125191116797
6.7,6.292027754491553
6.7,5.64803627350929
5.4,5.342243639388931
5.5,5.6883507281192225
6.7,5.749289826734086
5.4,5.636166299549979
6.5,4.095833627681586
5.1,4.4379077480123374
6.1,6.203558852111544
6.2,6.132377973637888
5.9,5.54313218025535
6.1,6.514225022633131
7.3,7.278930850256717
7.0,6.8637335079862805
7.1,7.191487668549196
5.4,6.225362998098269
6.7,5.787977368804241
6.1,6.135012932918648
5.7,5.782154274570436
5.7,5.7920884331586135
7.1,7.275875720743072
6.2,5.043237138825073
7.3,7.860765721803506
7.3,7.8308115983724385
8.2,7.539760012008329
7.4,7.063926068035031
7.2,7.07388399999868
7.6,7.026652080807629
7.8,7.774994631524253
7.8,7.774994631524253
6.3,6.735335690823336
6.3,6.798112120543281
7.0,7.003661681693253
7.0,7.073081529109941
6.5,6.214184882815582
5.9,6.179078998781115
6.2,7.016696286525654
5.6,6.466141673643279
5.8,6.400833816319677
6.9,6.715458712241917
6.3,6.829905239829876
7.4,7.47042532747407
7.4,7.449833475556874
5.7,6.673677950250527
5.7,6.8845113724306355
7.7,7.647820919339406
7.7,7.441358767790337
7.0,6.125297310976943
7.0,6.186145678430733
6.3,6.984627974151714
4.9,4.956382623216355
5.8,6.247397887879611
5.8,5.726649235710469
6.3,6.444764926005018
6.3,6.3015192671061495
6.9,5.921665736587633
6.9,5.921665736587633
7.0,7.127122128113071
6.2,6.763984457027524
6.2,6.4157181847516265
6.6,7.134648117090451
8.1,7.491037310449309
6.7,7.381568003837732
8.1,7.02811313379227
5.0,5.9716713659177145
6.3,6.223849059923986
5.7,5.6314945154014575
6.7,5.789087396312505
6.1,5.815509149250649
5.9,5.4894743030393505
5.9,6.042868634571462
6.3,5.875038289666522
7.2,7.316616893077929
5.6,5.291787875737555
6.7,6.4177096600634105
6.9,6.734800188964913
7.1,6.6142951577540545
4.6,5.503358774997771
6.6,6.7279599285676985
6.7,7.122230425857039
8.2,7.529279491735891
7.8,8.021848147216362
7.8,7.768740366943933
7.8,7.985904753319913
7.2,7.110716780594497
4.4,5.301635904701885
6.1,6.238345383586825
6.4,6.1572672917244855
6.4,6.22192615360192
6.0,5.8696165009288235
5.6,6.017278504091188
5.6,6.064351076315482
5.2,6.574911000055665
6.5,6.59619631320029
6.2,5.623517450051482
6.2,6.5131837281553615
7.8,7.392172261102771
7.3,6.7160753861745865
6.6,7.241577968489001
5.4,5.473155121261225
6.6,6.101603806033707
6.6,6.071747472109173
5.9,5.537476763450224
5.9,5.732776843307929
6.7,6.874331365949898
6.9,6.330322403870237
7.8,7.555690006841081
7.6,7.744542373348118
5.8,5.130409903646526
7.3,7.2142427705930094
6.2,6.00416393101623
6.7,7.092150686248723
5.9,6.402703572905652
6.9,6.697686446334484
8.0,7.955722069857004
8.0,8.080741469532175
7.2,6.643396563555904
6.5,6.732847196650091
6.5,7.06311804674935
6.0,6.645289874852724
6.5,7.372047606561852
7.0,7.718390018691159
7.0,7.718390018691159
6.8,6.41757717852042
6.8,6.399941373613305
3.7,6.053595592405444
7.8,7.771440811440596
7.1,6.92102289309624
6.7,6.8711109783401705
7.6,7.0129411961306065
7.6,6.614350448455374
6.8,6.408122772156009
6.8,6.408122772156009
8.0,7.968320767603439
8.0,7.968320767603439
4.3,5.2285305519802545
7.1,7.154110712768331
7.1,7.126170747846527
5.8,6.351955839281372
7.9,8.346498191766342
7.9,8.404202223448317
7.7,8.029802988855876
7.7,7.512347645343097
7.6,7.564342746943128
7.6,7.526291779198583
7.6,7.526291779198583
6.1,6.056943115183491
5.4,6.297995711259942
5.4,5.192601665816146
5.8,4.8748506980081965
4.7,4.741489861978936
4.3,4.67703041612757
7.1,5.3136790902430135
6.1,6.18901436874436
6.1,6.137182022585368
6.1,6.4784021308205615
4.4,4.466366982015455
4.4,4.466366982015455
6.6,6.220648235024278
7.1,7.672280477703124
7.1,7.124543154118996
6.7,7.038369918745187
8.0,7.929020562319783
4.6,4.970925256618159
5.8,5.12843003238638
8.2,8.0722859663706
7.8,7.962933129202718
8.2,8.133400186754088
5.9,5.920575018190483
7.6,7.213410535131062
7.6,7.0763328896082935
6.8,6.803000416269773
6.8,6.803000416269773
7.4,7.31845958606225
7.4,7.31845958606225
7.4,7.31845958606225
7.3,7.081884592451048
7.6,7.621048131556195
7.8,7.723194683337096
6.1,6.159996459625048
6.4,6.633294009899879
5.2,5.355486882736535
5.2,5.42441531090508
6.5,6.722193748617248
5.8,5.941082624275367
7.3,7.969804493333642
7.3,7.969804493333642
7.0,7.081174678841997
6.4,6.719272323028608
6.4,6.211026593304294
7.2,7.163032558996515
5.4,5.304086087385899
6.9,7.281639793939159
6.7,6.913075818687037
6.7,6.913075818687037
5.9,5.850787690349131
5.0,6.025859518520054
6.8,6.974112268805617
6.4,6.2605245543011385
6.4,6.392368622785171
7.1,6.8599836467681214
6.8,7.989861220013246
7.3,7.071417593560261
7.3,7.72516271181105
6.0,5.778571664012987
5.8,5.794143663984189
6.9,7.339507669954534
7.3,6.963706688267238
8.4,7.9588606789067775
7.6,7.774197133776619
7.2,8.183205930971889
5.1,6.11262732093224
7.7,7.40990675705656
6.1,6.142560699167101
7.4,7.1754061731683825
6.9,6.7576189609193875
6.3,6.613560403552639
6.9,6.7576189609193875
6.7,7.52610706796294
8.5,8.431336538361036
7.5,7.504486062633135
7.3,8.090453205071771
6.1,6.020122030954485
7.3,7.268680079478138
6.2,6.2816880942168485
7.5,7.444844315528798
7.5,7.444844315528798
7.5,7.362570256257465
7.0,6.99831740668217
7.0,6.640295522844869
7.2,7.138662339342426
7.0,7.21411582202753
7.0,7.297218916141996
5.4,5.924722576170411
6.5,6.541659199442701
6.2,6.269615300536608
7.0,7.062743846707852
7.0,7.062743846707852
6.6,6.535954557638515
6.6,6.535954557638515
7.7,7.827543207825624
7.7,7.827543207825624
6.7,6.89797357456459
8.1,7.796633249631464
7.5,7.475785945865706
5.1,5.128185440139017
7.2,7.526315276847807
7.3,6.772809479792029
2.1,4.856829270767182
7.0,7.319134309927436
8.1,7.616299409470484
5.9,6.0038520418791474
5.3,5.334508595051275
7.8,7.910740993482435
7.8,7.399539920079545
7.8,7.743956414010778
4.2,4.3548485315388366
8.2,6.211140886498971
4.2,4.218488812248003
5.4,5.933783182694221
5.5,5.803398910544622
5.5,6.379676169001017
5.5,5.613332395953873
6.2,6.092692233629126
5.5,5.632122874553217
7.2,7.220371229592936
6.2,5.549036580450608
6.7,6.7474946653318035
6.7,6.899940514864912
6.9,6.442210317937202
7.0,6.504281252872623
5.6,4.662378881195776
6.3,6.857867563346159
7.5,6.9754584665911
6.7,6.5363545868950315
8.1,7.682898311535558
7.1,7.772592123224827
7.2,7.465479502587889
6.6,6.338990739780408
6.6,6.495557838080556
5.8,6.944264692315127
5.8,6.231413370435701
6.0,7.3104691736571255
5.6,5.585510688052086
7.4,6.989938434464614
8.0,7.96920513748638
8.0,7.96920513748638
7.3,5.982967319940016
7.3,5.982967319940016
5.9,5.658971544581395
5.9,5.887772117088245
7.3,6.97017606613434
6.8,6.562131386187183
5.6,5.69372962747215
7.0,6.392072373102919
6.3,7.341808632632874
6.2,6.611787205107658
6.7,7.1598194116530465
7.4,6.383180752390055
7.4,7.1943344035499805
6.3,6.19140231040206
6.3,6.19140231040206
7.7,7.0210206577396015
7.7,6.925670865757907
6.4,6.363612789775898
6.4,6.131699745348225
6.3,6.290933975079506
7.1,6.036470061681185
6.2,6.02591100650979
4.6,4.3498239157431
4.6,5.2046737867712185
4.6,5.2046737867712185
7.1,5.144987593258816
4.9,4.811087536477773
4.8,5.544795879173318
7.2,7.971933893704105
7.9,7.038088273042414
6.7,7.099951194312442
6.7,6.940687514972387
6.7,6.647405808955378
6.7,6.940687514972387
6.2,6.0345912618126984
5.9,5.952656059562744
5.9,5.5393627703281965
5.9,6.039154427745119
5.7,6.533385037872328
6.6,6.563168973660486
6.7,6.3351927286482335
6.9,6.977048404057617
7.1,6.409087733981149
5.2,3.6873873545459688
5.2,3.6873873545459688
5.2,5.234729566948013
5.2,5.234729566948013
5.9,4.523453727197644
5.9,5.990091839703581
5.1,5.179060545677585
8.0,7.972040334938958
6.7,7.53662258505508
6.3,6.440129248293147
6.0,6.216094818255332
7.6,5.905144446673909
8.0,6.762377510094865
8.0,6.937441068544944
6.4,5.9429308433397905
6.5,6.178694896665523
6.4,6.225084027209942
7.2,7.337350661568128
7.3,6.992341640274199
6.1,5.781414956944379
5.9,6.646185085637948
6.5,7.062655080972798
4.6,4.987892208241514
4.6,4.987892208241514
5.4,5.563750194733845
6.8,7.15054776969508
6.9,6.708669362082649
6.9,7.3011574462125175
6.9,6.859783427606289
5.4,5.294668999938748
7.2,6.454392939404194
6.7,5.7629600242305
6.7,6.066111685248428
8.0,7.674178291702555
6.7,6.4669588172315065
5.5,5.997415606169085
5.5,5.997415606169085
7.4,7.616529899810951
7.5,7.534543516856676
6.4,6.671344918814933
5.7,5.582799577182314
6.4,6.321240210632897
8.0,7.880952730143326
8.0,7.759812318611179
8.0,8.1738450373008
8.0,7.972039121999375
5.8,5.841952309462931
5.9,6.562701237945254
6.2,6.787080330216585
7.8,7.192561435919424
6.5,5.573679433194517
4.7,5.365145084926755
6.4,6.665839568976282
6.3,6.413801096003976
6.5,6.59247604413072
7.5,7.3734337594159935
5.0,5.724340795400873
6.2,6.434998654408084
6.2,6.434998654408084
6.0,6.8049197944796695
5.9,5.765115013240562
5.9,5.926847223055855
5.9,5.885496798535302
5.2,5.4854537699210875
6.0,6.020216926212629
7.3,7.023858369795435
7.3,7.023858369795435
5.3,5.006140311703249
6.3,6.027192786301434
6.2,7.693239145578802
6.6,6.635084672468087
7.5,7.859920829855979
7.8,7.707155381206245
6.7,6.917975269653307
6.7,6.779803070020563
7.2,7.154438501189929
7.3,7.277852514452859
5.1,5.471523693402554
6.8,8.303877828358333
7.7,7.668268685183267
7.7,7.668268685183267
7.0,7.122391563436845
7.0,7.122391563436845
7.0,7.598600264639553
7.4,7.297546971155181
6.7,5.997235237794724
7.3,6.5150878582914125
7.7,7.574492748498065
6.8,7.093359482016649
7.6,7.0862998244253115
7.2,7.708484776357028
6.1,5.981668127215825
8.1,7.599895203599035
7.8,8.232369389172518
5.8,5.896617389063455
7.6,7.02346796101421
7.6,7.404725912968903
5.9,6.099944621773847
8.6,8.54590241138403
6.1,6.419753382842884
6.1,6.161951319781514
5.1,5.432148389447736
7.0,5.683392942310002
5.6,5.937967936161362
7.3,7.282659133838702
5.8,5.795768353166407
5.8,6.1257044897185615
6.2,6.17443741130489
6.2,6.17443741130489
6.0,6.120099411300224
6.0,6.1291725758637545
8.0,7.7006945456348745
8.0,7.690851217525345
6.3,6.989187034891856
7.1,6.792701184026857
7.5,7.466260691586249
5.9,5.9309157186878245
6.7,6.597981494021513
6.8,7.254859834140687
6.9,7.463871260107258
8.3,9.010192551736953
8.3,8.717545136872687
7.1,7.125493324167658
3.0,2.695106895070213
6.6,6.554831290868893
6.6,6.567137565525275
5.9,6.015734923809944
7.4,7.039170226323189
6.5,6.508063906880723
6.6,6.567137565525275
6.6,6.554831290868893
7.6,7.551498379430905
6.0,6.35259190165015
5.0,5.2423814294806546
7.4,6.1904788014153915
6.6,6.430805091792527
6.6,6.430805091792527
5.9,7.356191717234754
4.2,4.607127720706924
6.8,6.86842125628262
6.1,6.027665936942527
6.1,6.027665936942527
7.6,7.566426841412627
5.6,5.968481589692099
7.8,7.680425923808979
4.3,5.157651392384645
6.1,5.703792020397547
6.6,5.87860916506172
6.6,6.048493197270678
6.6,5.87860916506172
6.8,6.117057922899068
6.8,5.761551284566023
6.8,5.761551284566023
7.4,7.76563685462248
6.0,5.869543780698922
8.6,8.54590241138403
6.5,7.379059424042108
7.4,7.373650846504443
6.9,5.017057657510946
7.6,7.521028681355309
7.6,7.521028681355309
7.4,7.354683343210509
7.1,7.081445617688737
6.3,7.588853629007864
6.3,6.326810516594517
5.7,5.737450517965268
5.5,5.6248634097682295
5.0,5.2493420707144995
5.0,5.052866031204068
7.8,7.3935683742085025
7.8,7.3935683742085025
7.8,7.3935683742085025
7.8,7.747543748057295
5.4,5.553422493926092
5.4,5.553422493926092
6.8,6.5512938223353965
5.5,3.677899155620298
5.1,5.90656225354862
5.1,5.90656225354862
4.7,6.937076221819228
6.2,6.17443741130489
6.2,6.17443741130489
6.7,6.709433195211235
6.6,6.467838222916923
6.7,6.6692672375229165
7.3,6.496538839259779
7.4,7.924582345242153
6.8,8.131601199073604
5.1,5.660813255575741
8.4,6.857626536084862
7.5,7.230466856288496
4.6,5.795904714610927
4.8,5.70894267245416
4.8,5.70894267245416
7.7,8.23211875184802
6.3,4.970971972966312
5.2,6.188710336571454
5.9,5.542324349684563
7.5,6.547075368178309
4.4,4.676671742417533
6.9,5.006369301958571
5.4,5.345873362018234
5.6,5.137318694290672
4.8,6.118116730996345
4.8,6.088084217711385
4.9,5.728955813120315
4.9,5.728955813120315
5.3,5.357724408105501
5.4,5.3085068883772575
5.4,5.418800858400141
4.7,4.755754399369254
7.2,6.9829579451004555
6.5,6.49393468099442
6.7,6.51686575570828
7.3,8.339789723684856
7.2,7.280448326162581
8.2,8.607460023857895
7.6,7.414652878886687
7.6,7.414652878886687
5.9,5.932184488435408
5.9,5.657272195279829
5.2,5.943968636409111
6.6,6.3842370133666435
6.4,6.836077953445522
6.4,7.273630103477672
6.4,7.273630103477672
7.0,6.294062868754789
6.0,5.967446053319527
6.1,6.050450707388859
4.8,4.849332005167374
6.0,5.702131770701232
6.0,5.702131770701232
8.5,8.445835342430518
8.5,8.445835342430518
8.5,8.445835342430518
8.5,8.445835342430518
6.6,6.833220118091445
6.6,6.833220118091445
8.1,6.411338094392356
8.1,6.411338094392356
6.6,6.610156951813575
4.8,6.963235189628651
4.8,6.058075158469002
3.5,3.5235214575323557
3.5,4.09499450156537
6.6,6.3313443656053705
6.5,6.473347244543652
5.7,5.360876285495637
5.7,5.879924280483992
6.7,6.592006530788518
6.7,7.880026399573653
6.7,7.880026399573653
6.9,6.929966226751829
6.7,5.311849957425386
5.7,7.150952470501427
5.7,7.150952470501427
8.3,8.063703286903952
8.3,8.063703286903952
6.1,6.2455546655035805
7.4,6.9909837196802265
5.3,5.3371759925324245
6.6,6.725440639122268
7.2,6.941468822390933
4.5,4.742557685005907
4.5,5.068463250655384
6.4,6.343141091695793
6.2,5.919436442743282
7.9,7.760630442791198
7.9,7.760630442791198
6.5,6.252269845252956
5.7,5.757965201890447
7.1,6.334278030359986
6.0,6.767909677491292
6.1,6.061169910963144
7.2,7.164961233566123
7.4,7.173886539509651
7.2,7.164961233566123
5.1,5.199191230577063
6.9,7.19110911119388
6.9,7.19110911119388
6.0,5.962287666509741
6.5,5.587185000621397
5.7,6.511790258727849
5.7,4.951183073984928
6.4,6.379249691473886
6.8,6.682376513424075
7.7,7.81615286611275
6.2,5.934261601147212
6.4,6.441696211656836
7.6,7.760499336184715
8.1,7.479266561587855
8.1,7.0988784801016065
6.6,7.322291669956894
6.0,5.841234005343624
6.8,6.949150922568338
6.2,6.285494304296348
7.2,7.447774407665239
6.3,6.404207382685255
7.4,7.358732175750889
7.4,7.358732175750889
4.2,4.400576702163239
4.6,4.656462910925444
6.4,6.7683761926667945
5.7,5.075030953528982
7.1,6.89644967135202
7.1,6.89644967135202
6.8,6.210794948800625
6.0,5.064327683319651
6.0,5.064327683319651
8.1,7.889944063945094
5.9,5.953077943318521
7.1,7.0739991223901555
7.4,7.649981284519749
5.1,5.446525263975281
4.4,6.440732842096804
5.6,7.413953990596984
4.4,6.286576632993526
6.1,6.537625652835074
7.0,7.124192347235247
6.8,7.110507592219821
7.3,7.153956012816337
7.3,7.153956012816337
6.3,6.346944624506229
6.3,5.74208579622379
6.3,6.352479818074348
6.3,7.515283649318583
6.3,7.515283649318583
5.9,6.533535251267103
5.9,5.703506324598607
6.2,5.762746041894031
6.3,6.255549910856679
6.9,5.899694327295325
7.6,7.432025919942726
6.2,6.586555128273903
5.4,5.4391754283389755
6.0,5.756717023093362
7.3,7.315235094566008
7.5,7.4639482448629035
3.6,4.678631123304587
5.3,5.326635696318961
8.0,7.677397844343522
7.1,6.671494833756188
7.9,5.6374688406448605
6.7,6.707937313147472
8.2,7.424872414798551
8.2,7.711405838215843
7.3,7.265417080798233
6.5,6.191406353025542
6.5,6.4999574933691
6.3,6.346944624506229
6.0,6.204863532218051
7.2,5.9988726199380435
4.7,5.1402636093808916
4.7,5.1402636093808916
3.1,4.055417401221344
6.7,5.670570544410571
4.9,5.328749839799437
5.1,6.420913768509346
5.1,6.420913768509346
6.1,6.477830552956636
6.4,6.379249691473886
7.6,6.857583843634461
6.9,7.083361186998061
7.0,5.950634796128928
7.8,6.330486086096266
7.8,6.478297120648812
5.6,5.696586519072512
7.3,7.049645086755919
7.3,6.880247446445899
5.8,5.8333968509681675
7.6,7.020715302459281
7.1,6.985550922694895
7.1,6.985550922694895
5.9,5.9107490182461735
7.0,5.610573769407602
7.0,5.610573769407602
8.1,8.095437422237914
5.3,5.3507527735103135
5.3,5.3507527735103135
7.0,6.931664259216001
5.7,5.4233028233467
5.7,5.764739446031754
8.1,8.095437422237914
7.2,7.138542577188497
7.2,7.138542577188497
4.0,3.8623355263781476
7.3,7.296111124137635
7.3,7.269779957773965
8.0,7.722381438432485
5.0,5.820012415197416
8.0,6.493267859646694
6.3,5.637478654714745
6.3,5.624366547806767
5.4,5.4111740457924595
6.5,6.450302536329769
6.0,6.780039318151688
7.1,7.155530072589271
8.3,7.696903066111805
6.3,5.9561878023841235
6.7,6.07584317768271
5.8,6.101692401246994
6.7,7.1202976555513935
6.7,6.852493166531417
6.7,7.475700499461826
6.7,7.475700499461826
6.1,5.825414166737243
6.1,5.825414166737243
7.7,7.573591080547502
4.7,5.711553673946893
6.5,6.448537350388287
6.3,6.289142193849014
5.9,6.0164999444602785
6.1,6.071579739853409
6.4,6.747984895821846
6.6,6.050786955985258
7.1,7.126710590505918
6.5,6.521670361075699
5.2,5.5459539544809004
5.2,3.7129086528644777
5.7,5.574830010834235
5.4,5.289628096121408
6.7,7.118384083431581
6.7,6.730935287918473
5.3,5.325722451872773
3.0,4.118450937544814
7.5,7.290368723828996
6.2,6.61332780334435
6.2,6.512171826395499
7.3,6.5565739986879406
6.5,6.191406353025542
7.2,6.984114212629145
7.3,7.174510111614815
7.1,7.072383446684711
7.1,6.669833294240278
6.9,6.727926436764707
6.5,6.532781390331265
5.3,6.688650585717613
8.1,8.955836177493213
6.8,6.726150334312348
8.6,8.115128406853689
6.7,6.787203833781601
6.1,6.177736981625565
6.8,6.764788384869524
4.0,5.540322953896302
5.8,6.158165566391389
7.1,7.19953890702476
6.8,6.902991396222706
8.9,7.912805410722175
6.2,6.236832163951925
4.6,5.326950497192138
7.1,6.744505997804573
7.5,7.46716583252975
5.2,5.336805340037034
8.3,7.064720539923098
8.3,7.064720539923098
5.7,5.826006108685167
7.4,7.853344955206912
6.7,6.735399748714753
7.6,7.242729812770962
6.0,5.271403332444869
6.0,5.271403332444869
6.7,6.827128703731695
9.4,8.137053782718375
9.4,8.137053782718375
7.2,7.223405224511871
5.9,5.869018029249445
5.9,6.090154735205382
5.9,6.187429152794068
6.4,6.456455900139869
6.6,6.986226152884064
6.5,6.353435522994497
6.5,6.5653438453803
6.7,7.085366900385299
7.9,7.856097366133094
7.4,7.265220406174922
7.0,6.6911136145202015
7.1,7.353882272179014
7.8,7.815654577844235
5.3,5.473710056705035
8.3,7.533726088459705
5.2,4.904040851752172
7.9,7.859482607817204
7.9,7.859482607817204
7.6,7.0193373882788626
6.9,6.862910392393509
6.6,6.633615812793634
5.9,5.717936032927008
6.6,6.807576482955938
7.2,7.60205261323582
6.9,8.27550568985013
6.7,6.660236975254689
6.1,5.721111763490445
6.1,6.032731477901178
6.5,6.497935538142216
5.9,6.10031400839079
5.9,6.10031400839079
7.7,7.41957651046503
7.4,7.3316706803694816
6.6,6.489986715455014
6.8,6.764788384869524
7.4,6.816819989884363
4.8,5.309039303699514
6.8,6.480632362632578
6.7,7.474889988096097
6.5,6.497935538142216
6.1,4.715523843016468
6.1,6.202799850705994
7.0,7.025502202452982
4.3,5.299511365051402
6.6,6.230272462145099
6.6,6.192177069790609
5.6,5.63904688325863
4.7,5.396546012678542
8.2,7.7689743688703174
7.9,7.920334459003192
8.2,7.868729189535485
6.6,6.562598588712419
5.5,7.657730501822458
6.8,6.787351628053915
5.7,6.365944973935841
5.7,6.326430003412966
5.7,6.326430003412966
7.7,7.588192518392793
7.9,7.89737549350225
6.3,5.862747301819519
6.3,6.422952548574586
8.0,6.06932097558822
7.0,7.3865191866753825
7.0,7.249441541152613
7.0,7.249441541152613
5.7,5.924259731420575
5.1,5.144918487681485
6.1,6.133988535772283
6.4,6.227458795373933
8.9,7.912805410722175
7.4,7.434972432635394
6.8,6.495452842021119
6.8,6.495452842021119
7.9,7.815100903300806
7.9,7.815100903300806
6.6,6.567301829385006
6.6,6.567301829385006
6.5,6.466762779484036
8.3,8.107628895516994
6.7,6.47993324609065
6.0,6.425894736353541
6.0,6.377258693394547
5.5,6.118913364372041
6.9,7.060931870697819
6.9,7.060931870697819
7.5,7.443798880792154
6.6,6.566087082656995
7.2,6.894439041118122
7.5,7.469258607871483
7.4,7.3316706803694816
2.1,4.822605797957085
4.9,4.69736324393265
5.0,5.999967813152928
5.9,5.3421156655325275
7.5,7.460089950063122
5.6,5.903452986839378
5.6,6.177007137049925
6.6,6.956402477995391
6.3,6.142183356112155
4.2,6.086374319563562
6.7,6.655443807396194
7.1,6.773193941054703
5.3,5.337517132349511
8.4,7.986043493338057
3.6,3.59515246116077
5.7,5.737733215258794
5.8,5.7678504800217345
6.8,7.769802727542083
7.8,7.387450032413354
5.4,5.173015960989412
4.4,5.0621988846310915
6.4,6.43319235234841
6.6,6.513670075291457
5.0,5.410128400573189
6.7,6.821226236910532
7.4,7.147112474322883
7.0,7.9261392730097295
7.4,7.105390487759612
7.7,8.09882456331472
7.0,7.469877033553753
7.2,5.848005447922693
2.4,4.24435489046017
5.5,5.844361385458104
6.7,6.537464053428337
6.6,6.765632705176456
6.1,6.614308410670177
6.8,6.764953845076187
5.5,5.761572811343855
5.5,5.761572811343855
5.5,5.180615970983661
5.4,6.122097358022221
5.4,6.122097358022221
5.8,5.860862299921804
7.5,6.385773142061337
6.3,5.588560689974036
6.8,6.418333023544661
5.8,5.821248875677072
6.4,6.222283717163851
6.4,6.222283717163851
7.9,7.89737549350225
7.0,7.720521132457224
7.8,7.757767017265725
6.3,6.928130675968346
5.6,4.927263099344678
5.7,6.670494984641325
6.3,6.357428564195909
5.6,5.601118621732487
5.4,5.777216704158231
7.2,7.926535221882926
7.4,7.173031356895309
7.4,7.173031356895309
7.3,7.3387145219156995
6.2,6.696581121807136
7.1,6.818291711803963
7.1,7.696183068912378
5.7,5.737733215258794
4.2,4.5636172771676975
8.1,6.817192562223437
8.1,7.088850318543962
5.7,6.180597566229481
7.6,6.361683772106213
6.7,6.312106413409839
7.4,7.981151624705314
7.4,7.040495798120887
7.8,8.038285775853575
8.2,7.894812605397554
6.1,5.803094221693157
5.8,6.266076017243628
5.8,6.266076017243628
4.0,3.905599376183309
8.2,7.957491146374451
6.1,5.7452852506630085
5.0,4.958328111907868
5.0,5.284840940927215
7.8,7.18513155565397
7.8,7.18513155565397
4.7,4.638217135391388
7.2,6.568657454727647
7.6,7.748485277724615
7.6,7.127001854853219
6.0,6.056228764082587
5.2,4.377421503043262
6.7,6.647152602781931
7.7,7.627576700139709
5.2,5.64610850924468
5.5,5.870777127337176
6.0,5.937064368782059
5.9,6.100635768742904
6.3,6.300103704725473
6.3,5.863808180093864
6.4,6.01499490471427
6.6,6.406096659706109
6.2,6.53775157782751
6.0,6.298073212277928
6.3,6.255286163012282
4.4,4.272121870406206
5.5,6.286150162675879
6.3,6.724133919311008
6.3,6.724133919311008
6.5,6.217846992598296
6.8,6.450507947409935
5.6,5.6988166445199
6.9,7.353270445555477
6.3,6.229045212478919
5.9,6.360921183081481
4.7,6.896930142572006
4.7,6.426514942646625
6.4,6.448163213838238
6.5,6.784777358848489
5.6,6.278768400129178
8.3,8.129881866605377
5.7,6.082605137420757
5.7,6.353448054141459
7.2,6.881357785341197
6.4,5.337508967030428
6.5,5.892528897360999
7.4,7.4673887492081015
7.3,7.078189704380617
7.2,6.974234102714374
6.2,6.278425917522209
7.6,7.09969018907235
6.1,6.173470061185679
7.1,6.97639038517653
8.0,8.03497923328469
6.4,6.37662763440636
7.2,7.167887397394547
5.5,6.185204342976342
6.3,6.411802453413162
4.5,5.536262868674035
6.3,5.970300859778902
6.3,6.015204536151776
5.1,6.112963043480346
3.8,4.783579139936102
6.5,6.2836336903955265
5.1,5.120382018288784
7.8,7.381174900940292
5.9,5.47311954180403
6.7,6.175898861314251
6.7,6.276670076350943
6.5,6.409576244326449
5.8,6.05230480014235
6.3,6.498593770199656
6.3,6.498593770199656
8.1,8.04885095453991
7.4,7.0721975478745085
6.3,6.511819929944324
6.5,6.0910496806257655
8.0,7.63883286175265
6.0,5.929829603946844
7.3,7.226677998285957
7.0,6.984447739362489
7.0,6.506842574055117
6.2,6.1313352918976864
6.7,6.6354819730033885
6.6,6.756106684504046
6.7,6.275103460785475
7.5,7.44648092919798
7.5,7.667225812866261
6.4,6.328483515629925
6.6,7.00958706833773
6.2,6.143551273843675
8.3,6.778686965113404
8.3,6.778686965113404
6.8,7.422606996071858
6.8,7.088425300608999
4.6,3.980991345949698
4.9,4.441568031802035
6.4,7.023563727524164
7.0,6.928543557891532
6.2,6.422340000417246
6.8,6.5521182204302795
6.2,6.553093902291656
5.3,5.803499482758982
7.4,7.123162681239782
6.4,6.993055358799981
7.3,6.551215420834007
7.3,6.551215420834007
7.3,6.730204026742393
7.2,4.891665278573229
7.5,7.598422590195792
6.2,6.174680827234388
4.6,5.380769671314477
5.9,6.21128144565622
6.4,6.371844322429243
6.2,5.074967940827385
5.9,4.966945858347049
7.1,6.765326513328526
6.9,6.830465787798944
6.0,6.293295895092252
6.5,7.882607015104165
6.3,6.196935771314371
1.5,3.8241313976897757
5.5,5.573812413618584
5.7,5.145814483927924
6.0,6.318060734402656
6.6,6.304628328570337
7.9,7.330369972222866
7.4,6.92797821694592
6.5,6.559806541599873
6.1,5.643032510514763
6.6,6.531364955934731
6.5,6.850487197632038
3.3,3.415232715843002
6.3,6.490048986961263
6.2,5.904644213979689
6.2,5.905261767364533
4.2,4.792277159681516
7.5,6.928768407763321
6.3,6.2142156188126405
4.7,5.378680085125103
6.2,5.906057208765124
7.0,6.246826299044706
8.2,7.955496312818676
6.7,6.896712124891097
6.3,6.589322895981714
6.3,6.418739661300322
7.5,7.442934892165368
7.0,6.4688632476641725
7.0,6.9960619079558315
7.0,7.360273354225054
5.5,5.920751783618096
6.4,6.900864806527062
6.4,7.129763297933483
6.7,6.629562133749995
7.0,6.237554601646931
5.8,6.1342033893127255
7.5,6.753091349066448
5.9,6.265186943988139
5.9,6.296280575560354
5.4,5.472249480661913
7.2,7.063213180731055
6.4,6.1415873467710975
6.4,6.1415873467710975
6.5,6.665160600160542
7.9,7.835935122735244
3.3,3.389106334130521
8.0,7.8311351968716005
7.3,7.36929125328622
5.7,6.356891436555843
7.8,6.702272889598495
7.8,6.702272889598495
5.5,5.675446737374573
6.2,6.8647766343048975
6.2,6.836855231766634
7.9,6.196442147450893
6.9,7.12934707888814
8.3,6.7679871938998355
6.9,6.829496737742821
7.1,7.355786396088251
6.0,5.9605988103086815
5.7,5.701797789330778
6.8,6.731616478130753
7.2,7.090881827763431
7.1,6.822390784697101
5.9,6.100635768742904
6.5,7.3257250039448225
6.4,6.336956723547796
5.1,6.406738392632301
7.6,6.979326621547912
7.7,7.322004549502998
7.1,6.4808379668308564
5.9,6.083553829700504
5.5,5.8139690557766635
5.4,5.250908286180367
5.1,5.977336128961794
6.8,6.648803740805684
5.4,5.811230492035807
6.9,6.347488780805064
7.1,6.4808379668308564
5.5,5.635823613012353
6.8,6.430785504385934
6.8,6.598162937562872
7.1,6.568312719161522
7.1,6.568312719161522
7.7,7.378906078006767
6.6,6.581423338572082
7.2,7.071350871623405
7.7,7.644822671521437
6.6,6.911649433256722
6.6,6.911649433256722
6.5,6.99865471979284
8.1,7.994524088996619
7.5,7.691268669415617
6.1,6.160522373937953
6.8,7.11309446906048
6.6,6.564752994731586
5.8,5.871084918978184
6.1,5.8826373610539315
7.0,6.564121268658659
5.8,6.570664601762001
5.8,6.570664601762001
7.3,6.649220423875342
7.3,6.649220423875342
6.2,4.97914478700269
7.2,7.156686910917993
6.6,6.348046027176287
5.4,5.283374166254202
6.1,6.161839274017036
5.3,5.860541964918979
7.5,6.991538093708079
6.5,6.056490151653793
7.7,7.0642284309194485
6.4,7.002758808032851
5.7,6.7074613344227325
5.8,5.796847552989354
6.4,6.42840171030967
5.1,6.627649869150971
7.6,6.29837372110426
5.2,6.516602179351621
8.1,7.132074202694459
5.9,6.150225663266097
7.8,7.406928177658407
7.9,6.453502496899159
6.5,6.553819437820386
7.6,6.960264885261715
6.1,6.653718068105785
7.5,7.4504840216181245
7.5,7.645027799011937
6.4,6.0212555230457205
8.2,8.220325975015328
6.9,6.665514412020983
4.6,6.388823691039156
5.3,5.061802875830951
6.9,6.583570682388013
6.6,7.029475032186644
6.8,8.723979217654053
7.0,6.914097088663905
5.8,5.618114364647465
8.1,6.648218644210571
6.6,6.354972949867792
6.4,6.942605204711135
7.0,6.359488295080213
6.8,6.92775921594124
7.2,7.208736240829123
7.5,7.165650334332714
5.3,6.681870837979939
7.1,6.472439948428559
7.3,6.954986722868407
3.6,6.931170898838628
6.8,6.013941275676201
5.9,6.26716558231183
8.2,6.871510105410735
7.1,7.094439587453943
6.5,6.291045572248601
5.7,7.2591671140333585
1.8,6.91218710319066
7.9,6.362849397769405
7.4,6.568963930551501
6.8,7.611670669164067
7.0,6.446603240043978
5.7,5.984061750261873
5.7,6.450769746349557
6.8,6.475203499802777
8.8,7.338142860649224
6.9,6.707558978517602
6.0,5.889304436595216
5.6,6.6277888685201045
6.0,6.076252674493844
5.0,5.961968938890816
7.2,6.101110096718745
6.3,6.606275931168595
5.3,6.207547409593772
7.6,6.29837372110426
5.9,6.309459761714964
8.0,6.759206772104126
7.4,6.431722848144285
6.6,6.557808317736178
4.9,6.067411615516443
6.2,7.54880370219338
7.3,6.292924034631847
7.7,7.097401970616238
6.9,6.475513559377941
7.0,6.1559989824614325
7.0,6.306931806839022
6.4,6.41591890012851
6.2,6.875501151713964
7.7,5.6824384401181085
7.6,7.1433676701752225
6.4,6.061144187972513
5.7,6.49762713942599
6.1,6.573391580936649
7.0,6.508494724983381
7.2,6.474485952405299
7.0,5.404669298248482
6.8,6.290201148773875
7.8,6.845284387906982
6.7,6.364811964122683
6.3,5.694741349606043
